CloudletID,Status,StartTime,FinishTime,ExecTime,TenantID
5,4,0.1,242.72299999999998,242.623,1
14,4,0.1,243.28799999999998,243.188,1
17,4,0.1,248.06799999999998,247.968,0
2,4,0.1,249.69699999999997,249.59699999999998,0
11,4,0.1,256.577,256.477,2
8,4,0.1,259.054,258.95399999999995,0
18,4,0.1,294.642,294.542,2
15,4,0.1,295.29,295.19,0
19,4,0.1,298.755,298.655,2
7,4,0.1,302.067,301.967,0
13,4,0.1,308.397,308.29699999999997,1
12,4,0.1,309.687,309.587,3
3,4,0.1,315.22700000000003,315.127,3
9,4,0.1,316.74800000000005,316.648,2
1,4,0.1,317.24000000000007,317.14000000000004,3
4,4,0.1,320.8880000000001,320.78800000000007,0
6,4,0.1,321.2500000000001,321.1500000000001,3
0,4,0.1,321.3990000000001,321.2990000000001,2
16,4,0.1,322.6330000000001,322.5330000000001,2
10,4,0.1,323.5300000000001,323.43000000000006,0
