CloudletID,Status,StartTime,FinishTime,ExecTime,TenantID
17,4,0.1,240.276,240.17600000000002,1
2,4,0.1,241.875,241.775,3
5,4,0.1,251.471,251.371,2
8,4,0.1,255.953,255.853,1
11,4,0.1,259.14300000000003,259.043,2
14,4,0.1,262.95000000000005,262.85,1
15,4,0.1,286.47700000000003,286.377,1
0,4,0.1,290.23900000000003,290.139,2
4,4,0.1,295.57300000000004,295.473,1
16,4,0.1,303.42100000000005,303.321,1
19,4,0.1,303.85100000000006,303.75100000000003,3
18,4,0.1,313.13000000000005,313.03000000000003,0
10,4,0.1,313.55800000000005,313.458,3
1,4,0.1,317.38000000000005,317.28000000000003,2
7,4,0.1,318.82200000000006,318.72200000000004,0
3,4,0.1,318.9320000000001,318.83200000000005,2
13,4,0.1,319.0930000000001,318.99300000000005,0
6,4,0.1,319.2030000000001,319.10300000000007,2
12,4,0.1,320.9390000000001,320.83900000000006,3
9,4,0.1,321.7530000000001,321.6530000000001,0
